Store,avg_weekly_sales,sales_cv,n_depts,Size,Type_ord,avg_CPI,avg_unemp,avg_fuel,avg_temp,anomaly_rate,holiday_uplift,markdown_intensity,yoy_growth,sales_per_sqft,cluster_km,cluster_hc
1,21698.743926864507,1.277176261418318,77,151315,3,215.99552501145064,7.610918196017181,3.2188105232331123,68.22446310035143,0.046075751659508,1.0668954357626843,0.9119957962158451,0.046562797426823455,0.1434011428269802,0,0
2,26877.045725966982,1.2278387310807821,78,202307,3,215.65186905915218,7.623278765383864,3.2198982223090447,68.1054346552061,0.06182848212541512,1.0771338557617738,1.0310569718882145,0.027247842394570565,0.13285277190590036,0,0
3,6369.506282658255,2.2367919365755564,72,37392,2,219.4028429850819,7.175602257636122,3.2191123284639223,71.29862660469234,0.02733510402833112,1.0914755257804472,1.0205081669072378,0.07293427484395298,0.17034409185543045,1,0
4,29145.153245604553,1.185025896602635,78,205863,3,128.68007016234424,5.965849201713396,3.216237246884735,62.17686721183801,0.06172118380062305,1.063315554463662,0.8797758837256328,0.05459422068346309,0.14157548100243633,0,0
5,5050.2760403600405,1.5965068439404626,72,34875,2,216.57651613630404,6.296549283253695,3.220912101344594,69.20361929103234,0.033781531281253475,1.1176512456515209,1.5286374925846091,0.07940271357677653,0.1448107825192843,0,0
6,21898.106104568604,1.0765549005960906,77,202505,3,217.5649455291842,6.606212613847811,3.2209771814709627,69.63993536382333,0.05014200372147684,1.0688898224457577,1.0384499526044602,0.03284055824313881,0.1081361255503252,0,0
7,8348.42289062692,1.2705338605911496,76,70713,2,193.67174027215736,8.585175271460766,3.239985146486376,39.60281499692686,0.03062896947346855,1.173453047769753,1.553404498213306,0.05438205449905853,0.11806065208132761,0,0
8,13124.655094492167,1.1512018732516125,76,155078,3,219.4384744387064,6.091934108135422,3.219253764527539,62.44743405760485,0.04143506821627085,1.073306876675617,1.3175623586777352,0.025235441002176007,0.08463260484718765,0,0
9,8766.884167114018,1.4173096590672811,73,125833,2,219.68364131026277,6.095641930754483,3.22391327393707,67.64658621856321,0.034284425397541445,1.0773996358868925,1.0588308912487856,0.05807496639102583,0.06967078721093845,0,0
10,26308.256951992244,1.2144651561502549,77,126512,2,128.6641618140475,8.371005041202134,3.5724896752302473,72.14783131362094,0.056034900630150264,1.1168536571630978,1.001360699487149,0.004465632451140511,0.20795068414057358,0,0
11,19266.694675526734,1.0566124847733807,78,207499,3,219.42586008023255,7.1743737825482015,3.2222447823494336,72.4622172530312,0.052772808586762074,1.0691059675009689,1.1436778575983582,0.0360058372381824,0.09285198808440877,0,0
12,14855.350725007727,1.2041927341218246,75,112238,2,128.68969150253477,13.110471818650181,3.607415868109222,70.14044100978877,0.0583204533745492,1.1324876290586237,1.756900366566773,0.04369089285247063,0.1323558039612941,0,0
13,27339.877824374642,1.2364878483889103,79,219622,3,128.67421433683407,7.004905098338744,3.284580962383044,53.60304659156006,0.07055566163834256,1.049162045404816,1.1040751008203724,0.04591043279407758,0.12448606161666245,0,0
14,28744.795361384466,1.2772707193852308,77,200898,3,186.28784981125497,8.649211653386455,3.4177022908366532,57.79178984063744,0.06374501992031872,1.0499229650441113,1.0416084682790139,-0.07245481680352295,0.1430815406892277,0,0
15,8991.780067094232,1.2534032978925023,79,123737,2,135.09456963278456,7.995937582062418,3.578823048176952,51.75050600949399,0.043126956873043125,1.1271822578891209,1.549888880323373,-0.024259227513658943,0.07266848288785273,0,0
16,7852.774255252568,1.3301659147320681,76,57197,2,193.7457909417558,6.470401673197077,3.2488374457269935,45.00692576511702,0.04394789791379858,1.0773043481410471,1.2008220709308997,0.023819639518684044,0.13729346390986533,0,0
17,12945.37479504258,1.2553635286134162,76,93188,2,128.69841028928428,6.547021897810219,3.288494525547445,46.32989355231144,0.05606244931062449,1.1003776630703737,1.1342933957434465,0.07547609490392948,0.13891675746922974,0,0
18,15723.518200025357,1.17388390071409,78,120653,2,135.10867884898065,8.834348615478243,3.444137843594685,53.29159651080231,0.06075666903337053,1.080446812681635,1.390858835917531,0.043614872083889145,0.13032015946578498,0,0
19,20341.813401887073,1.1893936842814758,79,203819,3,135.08713003175995,7.996612337406386,3.57747920772566,52.19593220338982,0.057942451714623575,1.0896828224053434,1.3077095021299139,-0.0066197932210448895,0.09980332256505563,0,0
20,29492.196857382027,1.207180212639146,78,203742,3,209.04786308029173,7.370847366359899,3.418722537693362,55.351515566869004,0.06686900332876444,1.0581094966435587,1.0135879189787025,0.026207745740875366,0.14475266198124112,0,0
21,11270.99105532248,1.1468762431311015,77,140167,2,215.66470548953245,7.620940722187435,3.219385097056982,68.76946670841161,0.041431851388019206,1.1012178453575459,1.762070582928609,-0.043344734807360785,0.08041115994008918,0,0
22,15166.942600340626,1.2084983253161155,76,119557,2,139.01469474843105,8.067909165978529,3.441011973575557,54.85866639141206,0.05305532617671346,1.0540723630121385,1.670663001012659,0.01246966985007858,0.12685951136563,0,0
23,19760.33561308955,1.052907187821339,77,114533,2,135.0993108037811,4.794435820895522,3.4438937313432834,48.78778706467662,0.06646766169154229,1.0543927095429653,1.0112928142583106,0.030838888945816434,0.1725296256370614,0,0
24,18952.62934182147,1.2284407991604365,77,203819,3,135.09602085731325,8.447333105201409,3.579466660148612,53.97797614391865,0.047418850215095815,1.084298553999723,1.3551836881753239,0.01729487971341892,0.09298754945231538,0,0
25,10302.825045675234,1.211052620675208,77,128107,2,209.04530649391066,7.370752141982865,3.4180244798041612,52.11671868625051,0.049877600979192166,1.0405459778299975,1.8853277480569788,0.03039829897943691,0.080423591573257,0,0
26,14545.829215917396,1.3807814376099612,76,152513,3,135.10847991557742,7.869505784453014,3.4438832961234014,43.61431296935255,0.03622894256139639,1.0600327907429483,1.010306846578689,0.02526291358592614,0.09537435638874979,0,0
27,24808.807139344743,1.1946140119368478,78,204184,3,139.01707057646945,8.001492224938875,3.5798291442542785,57.310635696821514,0.04792176039119805,1.0628848894223968,1.247178477016133,-0.02662888050712009,0.12150220947451681,0,0
28,18701.279974695935,1.1966490815229087,77,206302,3,128.6822138270345,13.116094136260259,3.606599129832888,70.16732522495798,0.060516167309403734,1.112640916230557,1.3361389893940072,-0.002409151156978595,0.09065001781221672,0,0
29,8150.5619992543625,1.247530176937272,77,93638,2,135.09205899162347,9.806653833950291,3.4419402432575357,54.865960867266,0.04283447911158118,1.1223785355254687,1.4350739566156854,0.0070697792322433894,0.08704331573991715,0,0
30,8763.48088461431,1.638909494170454,64,42988,1,215.6696686684181,7.62345108999441,3.2258194522079373,68.78706679709335,0.029765231973169368,1.0028849979117658,0.2920384437330055,0.017715178572466517,0.20385877185759538,1,1
31,19669.2637824788,1.3628567771239126,76,203750,3,215.63880620015775,7.625046539144153,3.218950305659633,68.82848451981857,0.04634194438966673,1.067850609964233,1.1843670037401621,0.0057623418102781265,0.09653626396308614,0,0
32,16345.99986332582,1.2774282264998458,77,203007,3,193.65466121466378,8.586909723583611,3.24042550480298,52.700745932170165,0.05400901783963929,1.029712264883688,1.3663900439177734,0.029922506358123657,0.08051939028371347,0,0
33,5726.817817797133,1.566310538668395,63,39690,3,128.73682556420533,8.501254046554648,3.5891313396022815,76.7981593957145,0.02682287652227532,1.0120019614478175,0.37158419381909247,0.061132675425215055,0.14428868273613335,1,1
34,13512.018305418622,1.1879282033854934,78,158114,3,128.6635194727406,9.937437597809078,3.2140081181533646,58.413297143974965,0.042155712050078245,1.0843872310752969,0.9816164683081969,0.028965974779475934,0.08545744403037442,0,0
35,13794.47746484047,1.321695425664205,74,103681,2,139.02133169371328,8.788422439126784,3.4185594038623006,57.308381612090685,0.059403862300587744,1.1802456477164323,1.8331191078456266,0.002446320872151908,0.13304730340988677,0,0
36,8583.323361973642,1.5139519747593893,63,39910,3,214.7963759166024,7.860289938926391,3.210663612986178,71.21356637737063,0.021536483445837352,0.9783899756968377,0.25997509448325123,-0.1805170374891134,0.21506698476506245,1,1
37,10294.699568241744,1.5820949080716527,62,39910,1,214.87286530036081,7.848849153483209,3.2334733555370523,71.24826394671108,0.026089369969469887,0.9880584669588628,0.18117681249550008,0.013740045502466547,0.2579478719178588,1,1
38,7492.388531404509,1.6990605328185402,63,39690,1,128.72863226911164,13.08628959521869,3.6173629448519424,70.37816354251562,0.019559902200488997,1.0010947225590778,0.26770979349237123,0.14489348505100175,0.18877270172346963,1,1
39,20986.679415347236,1.2068916266802194,75,184109,3,214.723961570986,7.869864547479247,3.2194807653371127,70.58750860498077,0.05881757440777485,1.0640982738915363,1.5360782818739804,0.10861041191272802,0.11399051331193606,0,0
40,13754.648517325546,1.2873935093740734,77,155083,3,135.10525951598282,4.793243885394829,3.44347758810023,47.588752121393625,0.04142956973145653,1.0343153443012847,1.127199770482063,0.028018404905938876,0.08869217462472061,0,0
41,17965.516851308483,1.2688478043228428,77,196321,3,193.69906710946668,6.969444389373513,3.2446627676447264,48.37366475019825,0.050158604282315625,1.048567225355206,1.1629109524690955,0.07415134136584789,0.09151092777292538,0,0
42,11441.508021594995,1.5956382386429049,62,39690,1,128.74937528583345,8.332511146267798,3.590824967639868,72.2665209262189,0.024881346181504387,1.022553187587679,0.16200962576887087,0.04547236689819756,0.28827180704446953,1,1
43,13401.016537742556,1.550475487301019,61,41062,1,207.72880465510295,9.933301733076581,3.2181088727595912,68.86956895274774,0.02607021182047104,1.0062336780662196,0.1358795251938816,0.02352130677783415,0.3263605410779445,1,1
44,6037.83246250523,1.7566237051227418,62,39910,1,128.72084458761333,6.713258752964151,3.2942237411075466,53.901825917143256,0.024689635932487096,0.9827187257282226,0.23312284530530342,0.10874540717271852,0.15128620552506214,1,1
45,11646.720468081352,1.2000101166534711,74,118221,2,186.29922615060704,8.648434678841962,3.4190654768081354,57.75975095984227,0.043478260869565216,1.0573447909513307,1.6521594257499532,0.01707242787172869,0.0985165111789052,0,0
